dater,time,number_people,is_weekend,is_holiday
2016-10-17,07:01:23,16,0,0
2016-10-17,07:03:30,19,0,0
2016-10-17,07:13:32,23,0,0
2016-10-17,07:23:33,16,0,0
2016-10-17,07:33:34,16,0,0
2016-10-17,07:43:36,11,0,0
2016-10-17,07:53:38,9,0,0
2016-10-17,08:03:39,6,0,0
2016-10-17,08:13:40,0,0,0
2016-10-17,08:23:42,0,0,0
2016-10-17,08:33:43,0,0,0
2016-10-17,08:43:44,0,0,0
2016-10-17,08:53:45,0,0,0
2016-10-17,09:03:46,0,0,0
2016-10-17,09:13:48,0,0,0
2016-10-17,09:23:49,0,0,0
2016-10-17,09:33:50,0,0,0
2016-10-17,09:43:51,0,0,0
2016-10-17,09:53:52,0,0,0
2016-10-17,10:03:53,0,0,0
2016-10-17,10:13:55,0,0,0
2016-10-17,10:23:56,0,0,0
2016-10-17,10:33:57,0,0,0
2016-10-17,10:43:58,0,0,0
2016-10-17,10:53:59,0,0,0
2016-10-17,11:04:00,0,0,0
2016-10-17,11:14:02,0,0,0
2016-10-17,11:24:04,0,0,0
2016-10-17,11:34:06,0,0,0
2016-10-17,11:44:08,0,0,0
2016-10-17,11:54:09,0,0,0
2016-10-17,12:04:11,0,0,0
2016-10-17,12:14:13,1,0,0
2016-10-17,12:24:14,1,0,0
2016-10-17,12:34:15,1,0,0
2016-10-17,12:44:16,3,0,0
2016-10-17,12:54:18,4,0,0
2016-10-17,13:04:20,9,0,0
2016-10-17,13:14:21,13,0,0
2016-10-17,13:24:22,15,0,0
2016-10-17,13:34:24,16,0,0
2016-10-17,13:44:26,20,0,0
2016-10-17,13:54:28,20,0,0
2016-10-17,14:04:30,22,0,0
2016-10-17,14:14:32,19,0,0
2016-10-17,14:24:34,17,0,0
2016-10-17,14:34:36,22,0,0
2016-10-17,14:44:39,30,0,0
2016-10-17,14:54:42,29,0,0
2016-10-17,15:04:45,28,0,0
2016-10-17,15:14:47,32,0,0
2016-10-17,15:24:50,31,0,0
2016-10-17,15:34:53,26,0,0
2016-10-17,15:44:59,22,0,0
2016-10-17,15:55:01,26,0,0
2016-10-17,16:05:04,26,0,0
2016-10-17,16:15:06,26,0,0
2016-10-17,16:25:11,26,0,0
2016-10-17,16:35:15,25,0,0
2016-10-17,16:45:17,27,0,0
2016-10-17,16:55:20,35,0,0
2016-10-17,17:05:24,28,0,0
2016-10-17,17:15:27,25,0,0
2016-10-17,17:25:30,27,0,0
2016-10-17,17:35:32,31,0,0
2016-10-17,17:45:34,30,0,0
2016-10-17,17:55:37,32,0,0
2016-10-17,18:05:39,32,0,0
2016-10-17,18:15:42,37,0,0
2016-10-17,18:25:44,34,0,0
2016-10-17,18:35:47,38,0,0
2016-10-17,18:45:49,33,0,0
2016-10-17,18:55:51,32,0,0
2016-10-17,19:05:53,44,0,0
2016-10-17,19:15:58,41,0,0
2016-10-17,19:26:04,39,0,0
2016-10-17,19:36:07,27,0,0
2016-10-17,19:46:09,25,0,0
2016-10-17,19:56:10,30,0,0
2016-10-17,20:06:13,30,0,0
2016-10-17,20:16:16,26,0,0
2016-10-17,20:26:19,29,0,0
2016-10-17,20:36:21,28,0,0
2016-10-17,20:46:23,29,0,0
2016-10-17,20:56:25,29,0,0
2016-10-17,21:06:29,31,0,0
2016-10-17,21:16:32,26,0,0
2016-10-17,21:26:35,29,0,0
2016-10-17,21:36:38,34,0,0
2016-10-17,21:46:40,34,0,0
2016-10-17,21:56:43,28,0,0
2016-10-17,22:06:45,46,0,0
2016-10-17,22:16:46,37,0,0
2016-10-17,22:26:48,35,0,0
2016-10-17,22:36:50,39,0,0
2016-10-17,22:46:51,32,0,0
2016-10-17,22:56:54,35,0,0
2016-10-17,23:06:58,37,0,0
2016-10-17,23:17:02,36,0,0
2016-10-17,23:27:07,33,0,0
2016-10-17,23:37:10,40,0,0
2016-10-17,23:47:13,40,0,0
2016-10-17,23:57:15,45,0,0
2016-09-22,00:05:05,48,0,0
2016-09-22,00:15:07,52,0,0
2016-09-22,00:25:10,52,0,0
2016-09-22,00:35:12,45,0,0
2016-09-22,00:45:14,45,0,0
2016-09-22,00:55:16,50,0,0
2016-09-22,01:05:17,49,0,0
2016-09-22,01:15:20,37,0,0
2016-09-22,01:25:22,41,0,0
2016-09-22,01:35:23,43,0,0
2016-09-22,01:45:24,34,0,0
2016-09-22,01:55:26,37,0,0
2016-09-22,02:05:28,41,0,0
2016-09-22,02:15:29,43,0,0
2016-09-22,02:25:30,45,0,0
2016-09-22,02:35:32,57,0,0
2016-09-22,02:45:36,52,0,0
2016-09-22,02:55:38,47,0,0
2016-09-22,03:05:41,43,0,0
2016-09-22,03:15:43,44,0,0
2016-09-22,03:25:46,45,0,0
2016-09-22,03:35:48,57,0,0
2016-09-22,03:45:50,46,0,0
2016-09-22,03:55:52,52,0,0
2016-09-22,04:05:54,64,0,0
2016-09-22,04:15:55,50,0,0
2016-09-22,04:25:58,43,0,0
2016-09-22,04:36:00,45,0,0
2016-09-22,04:46:02,45,0,0
2016-09-22,04:56:04,52,0,0
2016-09-22,05:06:06,51,0,0
2016-09-22,05:16:08,43,0,0
2016-09-22,05:26:09,62,0,0
2016-09-22,05:36:11,50,0,0
2016-09-22,05:46:13,47,0,0
2016-09-22,05:56:14,34,0,0
2016-09-22,06:06:16,44,0,0
2016-09-22,06:16:18,41,0,0
2016-09-22,06:26:20,38,0,0
2016-09-22,06:36:22,45,0,0
2016-09-22,06:46:24,39,0,0
2016-09-22,06:56:26,35,0,0
2016-09-22,07:02:22,35,0,0
2016-09-22,07:06:28,37,0,0
2016-09-22,07:16:29,37,0,0
2016-09-22,07:26:31,22,0,0
2016-09-22,07:36:32,22,0,0
2016-09-22,07:46:33,14,0,0
2016-09-22,07:56:34,10,0,0
2016-09-22,08:06:35,11,0,0
2016-09-22,08:16:36,2,0,0
2016-09-22,08:26:36,0,0,0
2016-09-22,08:36:37,1,0,0
2016-09-22,08:46:37,1,0,0
2016-09-22,08:56:38,0,0,0
2016-09-22,09:06:39,1,0,0
2016-09-22,09:16:40,0,0,0
2016-09-22,09:26:40,0,0,0
2016-09-22,09:36:41,0,0,0
2016-09-22,09:46:41,0,0,0
2016-09-22,09:56:42,0,0,0
2016-09-22,10:06:43,2,0,0
2016-09-22,10:16:43,1,0,0
2016-09-22,10:26:44,1,0,0
2016-09-22,10:36:45,1,0,0
2016-09-22,10:46:45,1,0,0
2016-09-22,10:56:46,1,0,0
2016-09-22,11:06:47,0,0,0
2016-09-22,11:16:47,1,0,0
2016-09-22,11:26:48,2,0,0
2016-09-22,11:36:49,2,0,0
2016-09-22,11:46:49,1,0,0
2016-09-22,11:56:50,1,0,0
2016-09-22,12:06:51,1,0,0
2016-09-22,12:16:52,1,0,0
2016-09-22,12:26:53,1,0,0
2016-09-22,12:36:54,1,0,0
2016-09-22,12:46:54,3,0,0
2016-09-22,12:56:55,5,0,0
2016-09-22,13:06:56,11,0,0
2016-09-22,13:16:57,10,0,0
2016-09-22,13:26:59,19,0,0
2016-09-22,13:37:00,18,0,0
2016-09-22,13:47:01,14,0,0
2016-09-22,13:57:03,21,0,0
2016-09-22,14:07:04,20,0,0
2016-09-22,14:17:07,20,0,0
2016-09-22,14:27:09,21,0,0
2016-09-22,14:37:11,26,0,0
2016-09-22,14:47:13,35,0,0
2016-09-22,14:57:15,33,0,0
2016-09-22,15:07:19,36,0,0
2016-09-22,15:17:20,30,0,0
2016-09-22,15:27:24,30,0,0
2016-09-22,15:37:37,24,0,0
2016-09-22,15:47:39,31,0,0
2016-09-22,15:57:42,21,0,0
2016-09-22,16:07:46,40,0,0
2016-09-22,23:20:18,32,0,0
2016-09-22,23:30:20,45,0,0
2016-09-22,23:40:24,40,0,0
2016-09-22,23:50:27,33,0,0
2016-05-03,00:00:25,61,0,0
2016-05-03,00:21:22,67,0,0
2016-05-03,00:31:27,50,0,0
2016-05-03,00:41:32,42,0,0
2016-05-03,00:51:33,56,0,0
2016-05-03,01:01:34,46,0,0
2016-05-03,01:20:15,54,0,0
2016-05-03,01:30:16,55,0,0
2016-05-03,01:40:16,65,0,0
2016-05-03,01:50:17,49,0,0
2016-05-03,02:00:18,38,0,0
2016-05-03,02:20:14,50,0,0
2016-05-03,02:30:14,57,0,0
2016-05-03,02:40:15,65,0,0
2016-05-03,02:50:15,60,0,0
2016-05-03,03:00:16,53,0,0
2016-05-03,03:20:15,56,0,0
2016-05-03,03:30:16,54,0,0
2016-05-03,03:40:18,49,0,0
2016-05-03,03:50:19,50,0,0
2016-05-03,04:00:20,49,0,0
2016-05-03,04:20:14,41,0,0
2016-05-03,04:30:14,36,0,0
2016-05-03,04:40:15,33,0,0
2016-05-03,04:50:16,38,0,0
2016-05-03,05:00:16,38,0,0
2016-05-03,05:20:14,39,0,0
2016-05-03,05:30:15,41,0,0
2016-05-03,05:40:15,38,0,0
2016-05-03,05:50:16,30,0,0
2016-05-03,06:00:16,32,0,0
2016-05-03,06:20:14,44,0,0
2016-05-03,06:30:14,47,0,0
2016-05-03,06:40:15,41,0,0
2016-05-03,06:50:16,38,0,0
2016-05-03,07:00:16,40,0,0
2016-05-03,07:20:14,23,0,0
2016-05-03,07:30:14,30,0,0
2016-05-03,07:40:15,38,0,0
2016-05-03,07:50:15,25,0,0
2016-05-03,08:00:16,16,0,0
2016-05-03,12:20:14,3,0,0
2016-05-03,12:30:14,1,0,0
2016-05-03,12:40:15,0,0,0
2016-05-03,12:50:15,2,0,0
2016-05-03,13:00:16,5,0,0
2016-05-03,13:20:14,15,0,0
2016-05-03,13:30:14,6,0,0
2016-05-03,13:40:15,18,0,0
2016-05-03,13:50:15,13,0,0
2016-05-03,14:00:16,17,0,0
2016-05-03,14:20:15,14,0,0
2016-05-03,14:30:15,15,0,0
2016-05-03,14:40:16,16,0,0
2016-05-03,14:50:17,16,0,0
2016-05-03,15:00:17,24,0,0
2016-05-03,15:20:15,20,0,0
2016-05-03,15:30:16,20,0,0
2016-05-03,15:40:16,26,0,0
2016-05-03,15:50:17,36,0,0
2016-05-03,16:00:17,31,0,0
2016-05-03,16:20:15,38,0,0
2016-05-03,16:30:16,38,0,0
2016-05-03,16:40:17,38,0,0
2016-05-03,16:50:17,44,0,0
2016-05-03,17:00:18,43,0,0
2016-05-03,17:20:15,46,0,0
2016-05-03,17:30:16,35,0,0
2016-05-03,17:40:17,50,0,0
2016-05-03,17:50:18,43,0,0
2016-05-03,18:00:18,43,0,0
2016-05-03,18:20:14,57,0,0
2016-05-03,18:30:14,38,0,0
2016-05-03,18:40:15,38,0,0
2016-05-03,18:50:15,40,0,0
2016-05-03,19:00:16,45,0,0
2016-05-03,19:10:16,41,0,0
2016-05-03,19:20:17,48,0,0
2016-05-03,19:30:17,43,0,0
2016-05-03,19:40:18,48,0,0
2016-05-03,19:50:18,43,0,0
2016-05-03,20:00:19,46,0,0
2016-05-03,20:10:19,47,0,0
2016-05-03,20:20:20,48,0,0
2016-05-03,20:30:21,41,0,0
2016-05-03,20:40:21,39,0,0
2016-05-03,20:50:22,41,0,0
2016-05-03,21:00:22,42,0,0
2016-05-03,21:20:23,31,0,0
2016-05-03,21:30:30,32,0,0
2016-05-03,21:40:34,31,0,0
2016-05-03,22:00:57,48,0,0
2016-05-03,22:11:07,36,0,0
2016-05-03,22:21:13,43,0,0
2016-05-03,22:41:46,69,0,0
2016-05-03,22:52:18,43,0,0
2016-05-03,23:02:42,54,0,0
2016-05-03,23:13:04,50,0,0
2016-05-03,23:33:32,71,0,0
2016-05-03,23:44:07,50,0,0
2016-05-03,23:54:15,56,0,0
2016-03-11,00:00:17,48,0,0
2016-03-11,00:20:12,41,0,0
2016-03-11,00:30:14,42,0,0
2016-03-11,00:40:15,48,0,0
2016-03-11,00:50:16,47,0,0
2016-03-11,01:00:17,47,0,0
2016-03-11,01:20:13,55,0,0
2016-03-11,01:30:14,65,0,0
2016-03-11,01:40:16,62,0,0
2016-03-11,01:50:17,59,0,0
2016-03-11,02:00:18,65,0,0
2016-03-11,02:20:15,69,0,0
2016-03-11,02:30:16,56,0,0
2016-03-11,02:38:32,56,0,0
2016-03-11,02:40:18,70,0,0
2016-03-11,02:47:17,70,0,0
2016-03-11,02:50:18,75,0,0
2016-03-11,03:00:19,74,0,0
2016-03-11,03:20:15,69,0,0
2016-03-11,03:30:18,53,0,0
2016-03-11,03:40:18,65,0,0
2016-03-11,03:50:19,80,0,0
2016-03-11,04:00:20,68,0,0
2016-03-11,04:20:13,58,0,0
2016-03-11,04:30:13,60,0,0
2016-03-11,04:40:14,52,0,0
2016-03-11,04:50:15,44,0,0
2016-03-11,05:00:16,54,0,0
2016-03-11,05:20:16,62,0,0
2016-03-11,05:30:17,63,0,0
2016-03-11,05:40:18,73,0,0
2016-03-11,05:50:19,68,0,0
2016-03-11,06:00:19,64,0,0
2016-03-11,06:20:13,68,0,0
2016-03-11,06:30:14,62,0,0
2016-03-11,06:40:14,70,0,0
2016-03-11,06:50:16,63,0,0
2016-03-11,07:00:17,82,0,0
2016-03-11,07:20:13,70,0,0
2016-03-11,07:30:14,57,0,0
2016-03-11,07:40:15,65,0,0
2016-03-11,07:50:16,52,0,0
2016-03-11,08:00:16,44,0,0
2016-03-11,08:20:13,51,0,0
2016-03-11,08:30:14,42,0,0
2016-03-11,08:40:14,35,0,0
2016-03-11,08:50:15,22,0,0
2016-03-11,09:00:15,24,0,0
2016-03-11,13:20:13,2,0,0
2016-03-11,13:30:14,2,0,0
2016-03-11,13:40:14,1,0,0
2016-03-11,13:50:15,2,0,0
2016-03-11,14:00:15,9,0,0
2016-03-11,14:20:13,6,0,0
2016-03-11,14:30:14,11,0,0
2016-03-11,14:40:14,16,0,0
2016-03-11,14:50:15,17,0,0
2016-03-11,15:00:15,22,0,0
2016-03-11,15:20:13,34,0,0
2016-03-11,15:30:14,36,0,0
2016-03-11,15:40:15,30,0,0
2016-03-11,15:50:15,51,0,0
2016-03-11,16:00:16,40,0,0
2016-03-11,16:20:14,45,0,0
2016-03-11,16:30:15,46,0,0
2016-03-11,16:40:16,49,0,0
2016-03-11,16:50:17,47,0,0
2016-03-11,17:00:17,35,0,0
2016-03-11,17:20:12,39,0,0
2016-03-11,17:30:13,52,0,0
2016-03-11,17:40:13,49,0,0
2016-03-11,17:50:14,48,0,0
2016-03-11,18:00:14,50,0,0
2016-03-11,18:20:15,60,0,0
2016-03-11,18:30:16,45,0,0
2016-03-11,18:40:17,55,0,0
2016-03-11,18:50:17,44,0,0
2016-03-11,19:00:18,43,0,0
2016-03-11,19:20:13,40,0,0
2016-03-11,19:30:13,39,0,0
2016-03-11,19:40:14,47,0,0
2016-03-11,19:50:15,42,0,0
2016-03-11,20:00:16,47,0,0
2016-03-11,20:20:18,63,0,0
2016-03-11,20:30:18,55,0,0
2016-03-11,20:40:20,54,0,0
2016-03-11,20:50:20,56,0,0
2016-03-11,21:00:21,61,0,0
2016-03-11,21:20:15,61,0,0
2016-03-11,21:30:16,55,0,0
2016-03-11,21:40:17,54,0,0
2016-03-11,21:50:17,57,0,0
2016-03-11,22:20:12,64,0,0
2016-03-11,22:30:13,48,0,0
2016-03-11,22:40:14,60,0,0
2016-03-11,22:50:15,68,0,0
2016-03-11,23:00:16,75,0,0
2016-03-11,23:20:14,69,0,0
2016-03-11,23:30:14,66,0,0
2016-03-11,23:40:15,74,0,0
2016-03-11,23:50:16,69,0,0
2015-11-13,00:00:16,61,0,0
2015-11-13,00:20:13,73,0,0
2015-11-13,00:30:13,71,0,0
2015-11-13,00:40:14,66,0,0
2015-11-13,00:50:16,75,0,0
2015-11-13,01:00:16,63,0,0
2015-11-13,01:20:16,71,0,0
2015-11-13,01:30:22,62,0,0
2015-11-13,01:40:22,76,0,0
2015-11-13,01:50:24,66,0,0
2015-11-13,02:00:25,73,0,0
2015-11-13,02:20:31,81,0,0
2015-11-13,02:30:33,73,0,0
2015-11-13,02:40:44,61,0,0
2015-11-13,02:50:47,69,0,0
2015-11-13,03:00:49,71,0,0
2015-11-13,03:20:12,64,0,0
2015-11-13,03:21:45,64,0,0
2015-11-13,03:31:45,71,0,0
2015-11-13,03:41:48,76,0,0
2015-11-13,03:51:50,69,0,0
2015-11-13,04:01:51,70,0,0
2015-11-13,04:20:12,78,0,0
2015-11-13,04:30:12,72,0,0
2015-11-13,04:40:13,69,0,0
2015-11-13,04:50:15,60,0,0
2015-11-13,05:00:16,76,0,0
2015-11-13,05:20:13,77,0,0
2015-11-13,05:30:13,64,0,0
2015-11-13,05:40:14,64,0,0
2015-11-13,05:50:14,65,0,0
2015-11-13,06:00:15,56,0,0
2015-11-13,06:20:12,72,0,0
2015-11-13,06:30:12,71,0,0
2015-11-13,06:40:13,75,0,0
2015-11-13,06:50:13,82,0,0
2015-11-13,07:00:14,61,0,0
2015-11-13,07:20:12,66,0,0
2015-11-13,07:30:13,67,0,0
2015-11-13,07:40:14,59,0,0
2015-11-13,07:50:15,61,0,0
2015-11-13,08:00:17,61,0,0
2015-11-13,08:20:13,43,0,0
2015-11-13,08:30:14,48,0,0
2015-11-13,08:40:14,39,0,0
2015-11-13,08:50:15,25,0,0
2015-11-13,09:00:15,16,0,0
2015-11-13,13:20:13,0,0,0
2015-11-13,13:30:14,1,0,0
2015-11-13,13:40:14,2,0,0
2015-11-13,13:50:14,2,0,0
2015-11-13,14:00:15,8,0,0
2015-11-13,14:20:12,9,0,0
2015-11-13,14:30:13,14,0,0
2015-11-13,14:40:13,17,0,0
2015-11-13,14:50:14,32,0,0
2015-11-13,15:00:14,18,0,0
2015-11-13,15:20:11,28,0,0
2015-11-13,15:30:11,28,0,0
2015-11-13,15:40:12,20,0,0
2015-11-13,15:50:12,23,0,0
2015-11-13,16:00:13,31,0,0
2015-11-13,16:20:12,34,0,0
2015-11-13,16:30:12,35,0,0
2015-11-13,16:40:13,36,0,0
2015-11-13,16:50:14,46,0,0
2015-11-13,17:00:14,45,0,0
2015-11-13,17:20:12,45,0,0
2015-11-13,17:30:13,43,0,0
2015-11-13,17:40:13,50,0,0
2015-11-13,17:50:14,46,0,0
2015-11-13,18:00:14,56,0,0
2015-11-13,18:20:12,49,0,0
2015-11-13,18:30:12,53,0,0
2015-11-13,18:40:13,44,0,0
2015-11-13,18:50:14,54,0,0
2015-11-13,19:00:14,50,0,0
2015-11-13,19:20:12,51,0,0
2015-11-13,19:30:13,54,0,0
2015-11-13,19:40:13,57,0,0
2015-11-13,19:50:14,58,0,0
2015-11-13,20:00:14,75,0,0
2015-11-13,20:20:12,61,0,0
2015-11-13,20:30:13,66,0,0
2015-11-13,20:40:13,72,0,0
2015-11-13,20:50:14,53,0,0
2015-11-13,21:00:14,57,0,0
2015-11-13,21:20:12,66,0,0
2015-11-13,21:30:12,60,0,0
2015-11-13,21:40:13,55,0,0
2015-11-13,21:50:13,61,0,0
2015-11-13,22:00:14,66,0,0
2015-11-13,22:20:13,57,0,0
2015-11-13,22:30:13,63,0,0
2015-11-13,22:40:13,64,0,0
2015-11-13,22:50:14,64,0,0
2015-11-13,23:00:14,66,0,0
2015-11-13,23:20:12,72,0,0
2015-11-13,23:30:12,79,0,0
2015-11-13,23:40:13,79,0,0
2015-11-13,23:50:13,78,0,0
2016-03-23,00:00:15,36,0,0
2016-03-23,00:20:13,36,0,0
2016-03-23,00:30:14,39,0,0
2016-03-23,00:40:15,44,0,0
2016-03-23,00:50:16,30,0,0
2016-03-23,01:00:16,30,0,0
2016-03-23,01:20:12,46,0,0
2016-03-23,01:30:12,38,0,0
2016-03-23,01:40:13,32,0,0
2016-03-23,01:50:14,42,0,0
2016-03-23,02:00:14,42,0,0
2016-03-23,02:20:14,37,0,0
2016-03-23,02:30:14,37,0,0
2016-03-23,02:40:14,35,0,0
2016-03-23,02:50:15,34,0,0
2016-03-23,03:00:16,35,0,0
2016-03-23,03:20:12,22,0,0
2016-03-23,03:30:13,23,0,0
2016-03-23,03:40:13,15,0,0
2016-03-23,03:50:14,19,0,0
2016-03-23,04:00:15,21,0,0
2016-03-23,04:20:13,24,0,0
2016-03-23,04:30:14,26,0,0
2016-03-23,04:40:14,35,0,0
2016-03-23,04:50:15,27,0,0
2016-03-23,05:00:15,35,0,0
2016-03-23,05:20:13,35,0,0
2016-03-23,05:30:14,24,0,0
2016-03-23,05:40:14,24,0,0
2016-03-23,05:50:15,23,0,0
2016-03-23,06:00:16,22,0,0
2016-03-23,06:20:13,1,0,0
2016-03-23,06:30:13,1,0,0
2016-03-23,06:40:14,1,0,0
2016-03-23,06:50:14,0,0,0
2016-03-23,07:00:15,0,0,0
2016-03-23,07:20:13,0,0,0
2016-03-23,07:30:13,0,0,0
2016-03-23,07:40:14,0,0,0
2016-03-23,07:50:14,0,0,0
2016-03-23,08:00:15,0,0,0
2016-03-23,12:20:13,0,0,0
2016-03-23,12:30:14,0,0,0
2016-03-23,12:40:15,2,0,0
2016-03-23,12:50:15,2,0,0
2016-03-23,13:00:15,4,0,0
2016-03-23,13:20:14,6,0,0
2016-03-23,13:30:14,6,0,0
2016-03-23,13:40:15,12,0,0
2016-03-23,13:50:15,11,0,0
2016-03-23,14:00:16,13,0,0
2016-03-23,14:20:14,17,0,0
2016-03-23,14:30:14,16,0,0
2016-03-23,14:40:14,16,0,0
2016-03-23,14:50:15,18,0,0
2016-03-23,15:00:15,20,0,0
2016-03-23,15:20:13,16,0,0
2016-03-23,15:30:14,22,0,0
2016-03-23,15:40:15,19,0,0
2016-03-23,15:50:15,22,0,0
2016-03-23,16:00:16,16,0,0
2016-03-23,16:20:14,18,0,0
2016-03-23,16:30:15,16,0,0
2016-03-23,16:40:16,18,0,0
2016-03-23,16:50:16,16,0,0
2016-03-23,17:00:16,19,0,0
2016-03-23,17:20:14,16,0,0
2016-03-23,17:30:14,18,0,0
2016-03-23,17:40:15,15,0,0
2016-03-23,17:50:16,13,0,0
2016-03-23,18:00:16,15,0,0
2016-03-23,18:20:14,21,0,0
2016-03-23,18:30:14,21,0,0
2016-03-23,18:40:15,22,0,0
2016-03-23,18:50:15,27,0,0
2016-03-23,19:00:16,28,0,0
2016-03-23,19:20:15,23,0,0
2016-03-23,19:30:16,22,0,0
2016-03-23,19:40:16,18,0,0
2016-03-23,19:50:17,19,0,0
2016-03-23,20:00:17,26,0,0
2016-03-23,20:20:15,33,0,0
2016-03-23,20:30:15,29,0,0
2016-03-23,20:40:16,20,0,0
2016-03-23,20:50:17,18,0,0
2016-03-23,21:00:17,18,0,0
2016-03-23,21:20:14,20,0,0
2016-03-23,21:30:14,19,0,0
2016-03-23,21:40:15,15,0,0
2016-03-23,21:50:15,16,0,0
2016-03-23,22:00:16,16,0,0
2016-03-23,22:20:14,23,0,0
2016-03-23,22:30:14,19,0,0
2016-03-23,22:40:15,23,0,0
2016-03-23,22:50:15,31,0,0
2016-03-23,23:00:16,32,0,0
2016-03-23,23:20:13,31,0,0
2016-03-23,23:30:13,26,0,0
2016-03-23,23:40:14,25,0,0
2016-03-23,23:50:14,33,0,0
2016-01-26,00:00:18,68,0,0
2016-01-26,00:20:12,70,0,0
2016-01-26,00:30:12,90,0,0
2016-01-26,00:40:14,88,0,0
2016-01-26,00:50:15,79,0,0
2016-01-26,01:00:17,88,0,0
2016-01-26,01:20:11,93,0,0
2016-01-26,01:30:13,91,0,0
2016-01-26,01:40:17,83,0,0
2016-01-26,01:50:19,53,0,0
2016-01-26,02:00:21,72,0,0
2016-01-26,02:20:12,82,0,0
2016-01-26,02:30:14,76,0,0
2016-01-26,02:40:16,81,0,0
2016-01-26,02:50:18,100,0,0
2016-01-26,03:00:19,87,0,0
2016-01-26,03:20:11,91,0,0
2016-01-26,03:30:12,103,0,0
2016-01-26,03:40:14,107,0,0
2016-01-26,03:50:15,82,0,0
2016-01-26,04:00:17,68,0,0
2016-01-26,04:20:11,86,0,0
2016-01-26,04:30:12,84,0,0
2016-01-26,04:40:14,89,0,0
2016-01-26,04:50:16,84,0,0
2016-01-26,05:00:17,80,0,0
2016-01-26,05:20:11,78,0,0
2016-01-26,05:30:12,59,0,0
2016-01-26,05:40:13,74,0,0
2016-01-26,05:50:14,75,0,0
2016-01-26,06:00:15,91,0,0
2016-01-26,06:20:12,97,0,0
2016-01-26,06:30:13,85,0,0
2016-01-26,06:40:14,87,0,0
2016-01-26,06:50:16,74,0,0
2016-01-26,07:00:18,88,0,0
2016-01-26,07:20:13,82,0,0
2016-01-26,07:30:16,70,0,0
2016-01-26,07:40:17,70,0,0
2016-01-26,07:50:19,46,0,0
2016-01-26,08:00:21,48,0,0
2016-01-26,08:20:12,47,0,0
2016-01-26,08:30:14,35,0,0
2016-01-26,08:40:15,29,0,0
2016-01-26,08:50:18,28,0,0
2016-01-26,09:00:19,12,0,0
2016-01-26,13:20:12,0,0,0
2016-01-26,13:30:13,0,0,0
2016-01-26,13:40:14,3,0,0
2016-01-26,13:50:15,3,0,0
2016-01-26,14:00:16,5,0,0
2016-01-26,14:20:13,14,0,0
2016-01-26,14:30:13,16,0,0
2016-01-26,14:40:14,20,0,0
2016-01-26,14:50:15,23,0,0
2016-01-26,15:00:17,26,0,0
2016-01-26,15:20:13,32,0,0
2016-01-26,15:30:14,27,0,0
2016-01-26,15:40:16,34,0,0
2016-01-26,15:50:18,43,0,0
2016-01-26,16:00:20,47,0,0
2016-01-26,16:20:15,57,0,0
2016-01-26,16:30:17,55,0,0
2016-01-26,16:40:20,48,0,0
2016-01-26,16:50:23,46,0,0
2016-01-26,17:00:27,69,0,0
2016-01-26,17:20:14,46,0,0
2016-01-26,17:30:15,48,0,0
2016-01-26,17:40:17,40,0,0
2016-01-26,17:50:18,54,0,0
2016-01-26,18:00:19,57,0,0
2016-01-26,18:20:23,62,0,0
2016-01-26,18:30:24,68,0,0
2016-01-26,18:40:26,55,0,0
2016-01-26,18:50:28,54,0,0
2016-01-26,19:00:30,67,0,0
2016-01-26,19:20:14,53,0,0
2016-01-26,19:30:18,62,0,0
2016-01-26,19:40:19,61,0,0
2016-01-26,19:50:21,69,0,0
2016-01-26,20:00:29,73,0,0
2016-01-26,20:20:13,56,0,0
2016-01-26,20:30:13,55,0,0
2016-01-26,20:40:14,53,0,0
2016-01-26,20:50:16,63,0,0
2016-01-26,21:00:17,64,0,0
2016-01-26,21:20:20,55,0,0
2016-01-26,21:30:23,63,0,0
2016-01-26,21:40:24,60,0,0
2016-01-26,21:50:25,61,0,0
2016-01-26,22:00:27,50,0,0
2016-01-26,22:20:13,49,0,0
2016-01-26,22:30:14,41,0,0
2016-01-26,22:40:15,53,0,0
2016-01-26,22:50:16,55,0,0
2016-01-26,23:00:17,51,0,0
2016-01-26,23:20:12,55,0,0
2016-01-26,23:30:14,56,0,0
2016-01-26,23:40:18,60,0,0
2016-01-26,23:50:20,61,0,0
2016-01-28,00:00:21,82,0,0
2016-01-28,00:20:13,80,0,0
2016-01-28,00:30:16,81,0,0
2016-01-28,00:40:17,79,0,0
2016-01-28,00:50:18,71,0,0
2016-01-28,01:00:20,65,0,0
2016-01-28,01:20:35,79,0,0
2016-01-28,01:30:36,76,0,0
2016-01-28,01:40:38,89,0,0
2016-01-28,01:50:40,101,0,0
2016-01-28,02:00:41,86,0,0
2016-01-28,02:20:10,87,0,0
2016-01-28,02:30:11,97,0,0
2016-01-28,02:40:13,68,0,0
2016-01-28,02:50:14,82,0,0
2016-01-28,03:00:16,84,0,0
2016-01-28,03:20:12,73,0,0
2016-01-28,03:30:13,89,0,0
2016-01-28,03:40:15,86,0,0
2016-01-28,03:50:17,62,0,0
2016-01-28,04:00:20,66,0,0
2016-01-28,04:20:12,93,0,0
2016-01-28,04:30:13,98,0,0
2016-01-28,04:40:15,114,0,0
2016-01-28,04:50:17,88,0,0
2016-01-28,05:00:18,94,0,0
2016-01-28,05:20:11,90,0,0
2016-01-28,05:30:13,75,0,0
2016-01-28,05:40:15,104,0,0
2016-01-28,05:50:16,98,0,0
2016-01-28,06:00:17,66,0,0
2016-01-28,06:20:12,76,0,0
2016-01-28,06:30:13,87,0,0
2016-01-28,06:40:15,67,0,0
2016-01-28,06:50:17,73,0,0
2016-01-28,07:00:19,88,0,0
2016-01-28,07:20:12,69,0,0
2016-01-28,07:30:13,75,0,0
2016-01-28,07:40:15,62,0,0
2016-01-28,07:50:17,66,0,0
2016-01-28,08:00:19,60,0,0
2016-01-28,08:20:12,53,0,0
2016-01-28,08:30:14,44,0,0
2016-01-28,08:40:16,39,0,0
2016-01-28,08:50:17,22,0,0
2016-01-28,09:00:19,16,0,0
2016-01-28,13:20:13,0,0,0
2016-01-28,13:30:14,1,0,0
2016-01-28,13:40:16,1,0,0
2016-01-28,13:50:16,4,0,0
2016-01-28,14:00:17,6,0,0
2016-01-28,14:20:14,17,0,0
2016-01-28,14:30:16,12,0,0
2016-01-28,14:40:18,16,0,0
2016-01-28,14:50:19,22,0,0
2016-01-28,15:00:21,22,0,0
2016-01-28,15:20:12,26,0,0
2016-01-28,15:30:14,23,0,0
2016-01-28,15:40:15,38,0,0
2016-01-28,15:50:17,37,0,0
2016-01-28,16:00:20,56,0,0
2016-01-28,16:20:12,48,0,0
2016-01-28,16:30:14,45,0,0
2016-01-28,16:40:16,53,0,0
2016-01-28,16:50:17,57,0,0
2016-01-28,17:00:20,64,0,0
2016-01-28,17:20:12,46,0,0
2016-01-28,17:30:14,54,0,0
2016-01-28,17:40:15,50,0,0
2016-01-28,17:50:16,46,0,0
2016-01-28,18:00:18,54,0,0
2016-01-28,18:20:13,59,0,0
2016-01-28,18:30:15,53,0,0
2016-01-28,18:40:16,51,0,0
2016-01-28,18:50:17,53,0,0
2016-01-28,19:00:18,67,0,0
2016-01-28,19:20:13,63,0,0
2016-01-28,19:30:14,56,0,0
2016-01-28,19:40:17,69,0,0
2016-01-28,19:50:19,58,0,0
2016-01-28,20:00:20,69,0,0
2016-01-28,20:20:12,62,0,0
2016-01-28,20:30:13,52,0,0
2016-01-28,20:40:14,47,0,0
2016-01-28,20:50:17,51,0,0
2016-01-28,21:00:19,62,0,0
2016-01-28,21:20:12,59,0,0
2016-01-28,21:30:15,55,0,0
2016-01-28,21:40:16,57,0,0
2016-01-28,21:50:17,48,0,0
2016-01-28,22:00:18,57,0,0
2016-01-28,22:20:12,52,0,0
2016-01-28,22:30:12,51,0,0
2016-01-28,22:40:13,51,0,0
2016-01-28,22:50:15,53,0,0
2016-01-28,23:00:17,55,0,0
2016-01-28,23:20:14,69,0,0
2016-01-28,23:30:15,67,0,0
2016-01-28,23:40:16,65,0,0
2016-01-28,23:50:18,79,0,0
2016-01-29,00:00:20,82,0,0
2016-01-29,00:20:14,77,0,0
2016-01-29,00:30:15,84,0,0
2016-01-29,00:40:17,87,0,0
2016-01-29,00:50:18,80,0,0
2016-01-29,01:00:20,90,0,0
2016-01-29,01:20:12,97,0,0
2016-01-29,01:30:14,108,0,0
2016-01-29,01:40:16,110,0,0
2016-01-29,01:50:17,80,0,0
2016-01-29,02:00:19,78,0,0
2016-01-29,02:20:12,70,0,0
2016-01-29,02:30:14,77,0,0
2016-01-29,02:40:14,71,0,0
2016-01-29,02:50:16,58,0,0
2016-01-29,03:00:18,54,0,0
2016-01-29,03:20:20,64,0,0
2016-01-29,03:30:29,64,0,0
2016-01-29,03:40:30,67,0,0
2016-01-29,03:50:32,74,0,0
2016-01-29,04:00:35,76,0,0
2016-01-29,04:20:12,64,0,0
2016-01-29,04:30:15,78,0,0
2016-01-29,04:40:17,82,0,0
2016-01-29,04:50:19,67,0,0
2016-01-29,05:00:22,81,0,0
2016-01-29,05:20:12,78,0,0
2016-01-29,05:30:13,76,0,0
2016-01-29,05:40:14,75,0,0
2016-01-29,05:50:17,74,0,0
2016-01-29,06:00:25,88,0,0
2016-01-29,06:20:13,87,0,0
2016-01-29,06:30:15,75,0,0
2016-01-29,06:40:17,79,0,0
2016-01-29,06:50:19,70,0,0
2016-01-29,07:00:23,82,0,0
2016-01-29,07:20:12,73,0,0
2016-01-29,07:30:14,65,0,0
2016-01-29,07:40:15,65,0,0
2016-01-29,07:50:16,64,0,0
2016-01-29,08:00:18,63,0,0
2016-01-29,08:20:14,62,0,0
2016-01-29,08:30:19,45,0,0
2016-01-29,08:40:22,34,0,0
2016-01-29,08:50:23,25,0,0
2016-01-29,09:00:25,32,0,0
2016-01-29,13:20:11,0,0,0
2016-01-29,13:30:12,2,0,0
2016-01-29,13:40:14,2,0,0
2016-01-29,13:50:16,4,0,0
2016-01-29,14:00:16,9,0,0
2016-01-29,14:20:11,16,0,0
2016-01-29,14:30:12,21,0,0
2016-01-29,14:40:13,25,0,0
2016-01-29,14:50:15,35,0,0
2016-01-29,15:00:18,37,0,0
2016-01-29,15:20:12,50,0,0
2016-01-29,15:30:14,47,0,0
2016-01-29,15:40:15,57,0,0
2016-01-29,15:50:16,47,0,0
2016-01-29,16:00:18,46,0,0
2016-01-29,16:20:13,39,0,0
2016-01-29,16:30:16,45,0,0
2016-01-29,16:40:17,50,0,0
2016-01-29,16:50:18,56,0,0
2016-01-29,17:00:19,58,0,0
2016-01-29,17:20:12,55,0,0
2016-01-29,17:30:14,64,0,0
2016-01-29,17:40:16,65,0,0
2016-01-29,17:50:18,59,0,0
2016-01-29,18:00:19,54,0,0
2016-01-29,18:20:13,59,0,0
2016-01-29,18:30:14,74,0,0
2016-01-29,18:40:15,65,0,0
2016-01-29,18:50:16,63,0,0
2016-01-29,19:00:17,68,0,0
2016-01-29,19:20:12,67,0,0
2016-01-29,19:30:13,70,0,0
2016-01-29,19:40:15,67,0,0
2016-01-29,19:50:16,57,0,0
2016-01-29,20:00:18,59,0,0
2016-01-29,20:20:12,72,0,0
2016-01-29,20:30:14,73,0,0
2016-01-29,20:40:16,70,0,0
2016-01-29,20:50:18,66,0,0
2016-01-29,21:00:19,68,0,0
2016-01-29,21:20:12,70,0,0
2016-01-29,21:30:14,63,0,0
2016-01-29,21:40:15,62,0,0
2016-01-29,21:50:16,53,0,0
2016-01-29,22:00:17,56,0,0
2016-01-29,22:20:12,77,0,0
2016-01-29,22:30:13,65,0,0
2016-01-29,22:40:15,88,0,0
2016-01-29,22:50:16,65,0,0
2016-01-29,23:00:17,67,0,0
2016-01-29,23:20:12,84,0,0
2016-01-29,23:30:14,83,0,0
2016-01-29,23:40:15,73,0,0
2016-01-29,23:50:15,60,0,0
2016-03-18,00:00:18,61,0,0
2016-03-18,00:20:14,71,0,0
2016-03-18,00:30:17,70,0,0
2016-03-18,00:40:17,68,0,0
2016-03-18,00:50:18,63,0,0
2016-03-18,01:00:19,68,0,0
2016-03-18,01:20:13,65,0,0
2016-03-18,01:40:20,64,0,0
2016-03-18,01:50:22,63,0,0
2016-03-18,02:00:22,54,0,0
2016-03-18,02:20:14,33,0,0
2016-03-18,02:30:14,45,0,0
2016-03-18,02:40:15,45,0,0
2016-03-18,02:50:16,54,0,0
2016-03-18,03:00:17,49,0,0
2016-03-18,03:20:13,55,0,0
2016-03-18,03:30:14,61,0,0
2016-03-18,03:40:16,59,0,0
2016-03-18,03:50:16,62,0,0
2016-03-18,04:00:17,63,0,0
2016-03-18,04:20:15,60,0,0
2016-03-18,04:30:15,57,0,0
2016-03-18,04:40:16,61,0,0
2016-03-18,04:50:17,57,0,0
2016-03-18,05:00:18,65,0,0
2016-03-18,05:20:14,58,0,0
2016-03-18,05:30:14,54,0,0
2016-03-18,05:40:18,62,0,0
2016-03-18,05:50:19,59,0,0
2016-03-18,06:00:19,61,0,0
2016-03-18,06:20:12,56,0,0
2016-03-18,06:30:12,59,0,0
2016-03-18,06:40:13,53,0,0
2016-03-18,06:50:13,43,0,0
2016-03-18,07:00:15,44,0,0
2016-03-18,07:20:13,42,0,0
2016-03-18,07:30:14,31,0,0
2016-03-18,07:40:15,29,0,0
2016-03-18,07:50:15,21,0,0
2016-03-18,08:00:16,22,0,0
2016-03-18,12:20:14,0,0,0
2016-03-18,12:30:14,1,0,0
2016-03-18,12:40:15,1,0,0
2016-03-18,12:50:15,2,0,0
2016-03-18,13:00:16,1,0,0
2016-03-18,13:20:12,15,0,0
2016-03-18,13:30:13,16,0,0
2016-03-18,13:40:13,19,0,0
2016-03-18,13:50:14,23,0,0
2016-03-18,14:00:16,24,0,0
2016-03-18,14:20:15,25,0,0
2016-03-18,14:30:15,25,0,0
2016-03-18,14:40:16,28,0,0
2016-03-18,14:50:17,22,0,0
2016-03-18,15:00:17,46,0,0
2016-03-18,15:20:15,39,0,0
2016-03-18,15:30:16,34,0,0
2016-03-18,15:40:16,37,0,0
2016-03-18,15:50:17,31,0,0
2016-03-18,16:00:18,40,0,0
2016-03-18,16:20:14,51,0,0
2016-03-18,16:30:14,45,0,0
2016-03-18,16:40:15,36,0,0
2016-03-18,16:50:16,37,0,0
2016-03-18,17:00:17,38,0,0
2016-03-18,17:20:13,38,0,0
2016-03-18,17:30:14,39,0,0
2016-03-18,17:40:15,49,0,0
2016-03-18,17:50:16,38,0,0
2016-03-18,18:00:16,53,0,0
2016-03-18,18:20:14,46,0,0
2016-03-18,18:30:21,36,0,0
2016-03-18,18:40:22,40,0,0
2016-03-18,18:50:25,35,0,0
2016-03-18,19:00:27,49,0,0
2016-03-18,20:01:46,49,0,0
2016-03-18,20:20:18,52,0,0
2016-03-18,20:30:19,51,0,0
2016-03-18,20:40:19,38,0,0
2016-03-18,20:43:29,38,0,0
2016-03-18,20:50:22,44,0,0
2016-03-18,21:00:22,47,0,0
2016-03-18,21:20:13,57,0,0
2016-03-18,21:30:14,50,0,0
2016-03-18,21:31:54,50,0,0
2016-03-18,21:40:15,47,0,0
2016-03-18,21:41:55,44,0,0
2016-03-18,21:50:15,53,0,0
2016-03-18,21:51:55,49,0,0
2016-03-18,22:00:15,50,0,0
2016-03-18,22:01:56,52,0,0
2016-03-18,22:20:13,56,0,0
2016-03-18,22:30:13,45,0,0
2016-03-18,22:40:14,53,0,0
2016-03-18,22:50:14,54,0,0
2016-03-18,23:00:15,55,0,0
2016-03-18,23:20:13,60,0,0
2016-03-18,23:30:13,61,0,0
2016-03-18,23:40:14,57,0,0
2016-03-18,23:50:15,66,0,0
2016-03-22,00:00:16,34,0,0
2016-03-22,00:20:14,39,0,0
2016-03-22,00:30:15,51,0,0
2016-03-22,00:40:16,54,0,0
2016-03-22,00:50:16,50,0,0
2016-03-22,01:00:17,52,0,0
2016-03-22,01:20:14,48,0,0
2016-03-22,01:30:14,47,0,0
2016-03-22,01:40:14,53,0,0
2016-03-22,01:50:15,46,0,0
2016-03-22,02:00:16,58,0,0
2016-03-22,02:20:13,42,0,0
2016-03-22,02:30:14,42,0,0
2016-03-22,02:40:14,44,0,0
2016-03-22,02:50:15,44,0,0
2016-03-22,03:00:15,37,0,0
2016-03-22,03:20:14,42,0,0
2016-03-22,03:30:14,34,0,0
2016-03-22,03:40:15,36,0,0
2016-03-22,03:50:16,32,0,0
2016-03-22,04:00:16,37,0,0
2016-03-22,04:20:13,35,0,0
2016-03-22,04:30:13,27,0,0
2016-03-22,04:40:13,24,0,0
2016-03-22,04:50:14,25,0,0
2016-03-22,05:00:16,24,0,0
2016-03-22,05:20:14,34,0,0
2016-03-22,05:30:14,33,0,0
2016-03-22,05:40:15,30,0,0
2016-03-22,05:50:16,28,0,0
2016-03-22,06:00:17,10,0,0
2016-03-22,06:20:14,2,0,0
2016-03-22,06:30:14,0,0,0
2016-03-22,06:40:19,2,0,0
2016-03-22,06:50:20,0,0,0
2016-03-22,07:00:20,1,0,0
2016-03-22,07:20:14,0,0,0
2016-03-22,07:30:15,0,0,0
2016-03-22,07:40:15,0,0,0
2016-03-22,07:50:16,0,0,0
2016-03-22,08:00:16,0,0,0
2016-03-22,12:20:14,0,0,0
2016-03-22,12:30:14,1,0,0
2016-03-22,12:40:15,1,0,0
2016-03-22,12:50:15,0,0,0
2016-03-22,13:00:16,1,0,0
2016-03-22,13:20:12,1,0,0
2016-03-22,13:30:13,3,0,0
2016-03-22,13:40:13,8,0,0
2016-03-22,13:50:14,12,0,0
2016-03-22,14:00:14,10,0,0
2016-03-22,14:20:13,15,0,0
2016-03-22,14:30:14,13,0,0
2016-03-22,14:40:14,11,0,0
2016-03-22,14:50:15,21,0,0
2016-03-22,15:00:16,23,0,0
2016-03-22,15:20:15,17,0,0
2016-03-22,15:30:15,24,0,0
2016-03-22,15:40:16,19,0,0
2016-03-22,15:50:17,25,0,0
2016-03-22,16:00:17,21,0,0
2016-03-22,16:20:14,18,0,0
2016-03-22,16:30:14,26,0,0
2016-03-22,16:40:15,27,0,0
2016-03-22,16:50:15,19,0,0
2016-03-22,17:00:16,26,0,0
2016-03-22,17:20:14,23,0,0
2016-03-22,17:30:14,29,0,0
2016-03-22,17:40:15,30,0,0
2016-03-22,17:50:15,25,0,0
2016-03-22,18:00:16,39,0,0
2016-03-22,18:20:17,24,0,0
2016-03-22,18:30:18,25,0,0
2016-03-22,18:40:19,24,0,0
2016-03-22,18:50:19,18,0,0
2016-03-22,19:00:20,24,0,0
2016-03-22,19:20:13,21,0,0
2016-03-22,19:30:14,21,0,0
2016-03-22,19:40:15,23,0,0
2016-03-22,19:50:15,29,0,0
2016-03-22,20:00:16,26,0,0
2016-03-22,20:20:14,29,0,0
2016-03-22,20:30:15,22,0,0
2016-03-22,20:40:16,31,0,0
2016-03-22,20:50:16,24,0,0
2016-03-22,21:00:17,27,0,0
2016-03-22,21:20:15,26,0,0
2016-03-22,21:30:15,30,0,0
2016-03-22,21:40:16,32,0,0
2016-03-22,21:50:16,35,0,0
2016-03-22,22:00:17,25,0,0
2016-03-22,22:20:14,30,0,0
2016-03-22,22:30:14,27,0,0
2016-03-22,22:40:14,26,0,0
2016-03-22,22:50:15,31,0,0
2016-03-22,23:00:15,19,0,0
2016-03-22,23:20:13,28,0,0
2016-03-22,23:30:14,28,0,0
2016-03-22,23:40:14,36,0,0
2016-03-22,23:50:15,34,0,0
2016-02-19,00:00:16,65,0,0
2016-02-19,00:20:13,59,0,0
2016-02-19,00:30:14,52,0,0
2016-02-19,00:40:14,58,0,0
2016-02-19,00:50:15,59,0,0
2016-02-19,01:00:15,69,0,0
2016-02-19,01:20:14,55,0,0
2016-02-19,01:30:15,58,0,0
2016-02-19,01:40:15,62,0,0
2016-02-19,01:50:16,69,0,0
2016-02-19,02:00:16,68,0,0
2016-02-19,02:20:34,72,0,0
2016-02-19,02:30:35,67,0,0
2016-02-19,02:40:36,77,0,0
2016-02-19,02:50:37,72,0,0
2016-02-19,03:00:38,67,0,0
2016-02-19,03:20:13,59,0,0
2016-02-19,03:30:14,57,0,0
2016-02-19,03:40:15,67,0,0
2016-02-19,03:50:16,67,0,0
2016-02-19,04:00:17,61,0,0
2016-02-19,04:20:16,63,0,0
2016-02-19,04:30:17,58,0,0
2016-02-19,04:40:17,61,0,0
2016-02-19,04:50:18,61,0,0
2016-02-19,05:00:20,61,0,0
2016-02-19,05:20:12,69,0,0
2016-02-19,05:30:13,74,0,0
2016-02-19,05:40:14,67,0,0
2016-02-19,05:50:16,55,0,0
2016-02-19,06:00:17,55,0,0
2016-02-19,06:20:13,62,0,0
2016-02-19,06:30:13,66,0,0
2016-02-19,06:40:14,64,0,0
2016-02-19,06:50:15,60,0,0
2016-02-19,07:00:16,59,0,0
2016-02-19,07:20:13,64,0,0
2016-02-19,07:30:13,58,0,0
2016-02-19,07:40:14,61,0,0
2016-02-19,07:50:14,58,0,0
2016-02-19,08:00:15,54,0,0
2016-02-19,08:20:12,56,0,0
2016-02-19,08:30:13,48,0,0
2016-02-19,08:40:13,31,0,0
2016-02-19,08:50:14,26,0,0
2016-02-19,09:00:14,24,0,0
2016-02-19,13:20:13,0,0,0
2016-02-19,13:30:13,1,0,0
2016-02-19,13:40:14,3,0,0
2016-02-19,13:50:14,2,0,0
2016-02-19,14:00:14,5,0,0
2016-02-19,14:20:13,12,0,0
2016-02-19,14:30:13,9,0,0
2016-02-19,14:40:14,19,0,0
2016-02-19,14:50:14,23,0,0
2016-02-19,15:00:15,25,0,0
2016-02-19,15:20:13,33,0,0
2016-02-19,15:30:13,26,0,0
2016-02-19,15:40:14,24,0,0
2016-02-19,15:50:14,36,0,0
2016-02-19,16:00:15,39,0,0
2016-02-19,16:20:14,38,0,0
2016-02-19,16:30:15,49,0,0
2016-02-19,16:40:16,33,0,0
2016-02-19,16:50:17,46,0,0
2016-02-19,17:00:18,48,0,0
2016-02-19,17:20:14,37,0,0
2016-02-19,17:30:15,46,0,0
2016-02-19,17:40:15,47,0,0
2016-02-19,17:50:16,42,0,0
2016-02-19,18:00:17,47,0,0
2016-02-19,18:20:14,46,0,0
2016-02-19,18:30:16,43,0,0
2016-02-19,18:40:17,49,0,0
2016-02-19,18:50:18,44,0,0
2016-02-19,19:00:18,51,0,0
2016-02-19,19:20:13,49,0,0
2016-02-19,19:30:14,48,0,0
2016-02-19,19:40:15,52,0,0
2016-02-19,19:50:15,52,0,0
2016-02-19,20:00:16,58,0,0
2016-02-19,20:20:14,53,0,0
2016-02-19,20:30:15,55,0,0
2016-02-19,20:40:16,44,0,0
2016-02-19,20:50:16,51,0,0
2016-02-19,21:00:17,42,0,0
2016-02-19,21:20:14,62,0,0
2016-02-19,21:30:15,66,0,0
2016-02-19,21:40:16,51,0,0
2016-02-19,21:50:17,39,0,0
2016-02-19,22:00:18,48,0,0
2016-02-19,22:20:14,55,0,0
2016-02-19,22:30:14,54,0,0
2016-02-19,22:40:15,59,0,0
2016-02-19,22:50:16,57,0,0
2016-02-19,23:00:17,68,0,0
2016-02-19,23:20:12,65,0,0
2016-02-19,23:30:12,65,0,0
2016-02-19,23:40:13,64,0,0
2016-02-19,23:50:13,69,0,0
2016-02-03,00:00:15,56,0,0
2016-02-03,00:20:13,72,0,0
2016-02-03,00:30:13,72,0,0
2016-02-03,00:40:14,82,0,0
2016-02-03,00:50:14,70,0,0
2016-02-03,01:00:15,74,0,0
2016-02-03,01:20:12,84,0,0
2016-02-03,01:30:13,79,0,0
2016-02-03,01:40:13,66,0,0
2016-02-03,01:50:14,74,0,0
2016-02-03,02:00:15,72,0,0
2016-02-03,02:20:13,77,0,0
2016-02-03,02:30:14,77,0,0
2016-02-03,02:40:15,81,0,0
2016-02-03,02:50:16,84,0,0
2016-02-03,03:00:17,70,0,0
2016-02-03,03:20:12,73,0,0
2016-02-03,03:30:13,70,0,0
2016-02-03,03:40:14,73,0,0
2016-02-03,03:50:15,67,0,0
2016-02-03,04:00:15,71,0,0
2016-02-03,04:20:18,66,0,0
2016-02-03,04:30:19,68,0,0
2016-02-03,04:40:20,45,0,0
2016-02-03,04:50:20,68,0,0
2016-02-03,05:00:21,69,0,0
2016-02-03,05:20:13,61,0,0
2016-02-03,05:30:13,72,0,0
2016-02-03,05:40:14,72,0,0
2016-02-03,05:50:14,68,0,0
2016-02-03,06:00:15,77,0,0
2016-02-03,06:20:24,70,0,0
2016-02-03,06:30:25,62,0,0
2016-02-03,06:40:26,56,0,0
2016-02-03,06:50:26,53,0,0
2016-02-03,07:00:27,56,0,0
2016-02-03,07:20:14,61,0,0
2016-02-03,07:30:15,49,0,0
2016-02-03,07:40:16,51,0,0
2016-02-03,07:50:17,44,0,0
2016-02-03,08:00:17,43,0,0
2016-02-03,08:20:14,29,0,0
2016-02-03,08:30:22,25,0,0
2016-02-03,08:40:22,25,0,0
2016-02-03,08:50:23,15,0,0
2016-02-03,09:00:24,13,0,0
2016-02-03,13:20:12,0,0,0
2016-02-03,13:30:13,0,0,0
2016-02-03,13:40:14,0,0,0
2016-02-03,13:50:15,3,0,0
2016-02-03,14:00:16,5,0,0
2016-02-03,14:20:13,16,0,0
2016-02-03,14:30:13,15,0,0
2016-02-03,14:40:14,22,0,0
2016-02-03,14:50:14,30,0,0
2016-02-03,15:00:15,31,0,0
2016-02-03,15:20:12,37,0,0
2016-02-03,15:30:13,31,0,0
2016-02-03,15:40:13,37,0,0
2016-02-03,15:50:14,35,0,0
2016-02-03,16:00:15,37,0,0
2016-02-03,16:20:12,46,0,0
2016-02-03,16:30:13,44,0,0
2016-02-03,16:40:13,42,0,0
2016-02-03,16:50:14,30,0,0
2016-02-03,17:00:14,52,0,0
2016-02-03,17:20:27,54,0,0
2016-02-03,17:30:28,65,0,0
2016-02-03,17:40:29,60,0,0
2016-02-03,17:50:29,43,0,0
2016-02-03,18:00:30,72,0,0
2016-02-03,18:20:11,54,0,0
2016-02-03,18:30:12,46,0,0
2016-02-03,18:40:13,54,0,0
2016-02-03,18:50:13,54,0,0
2016-02-03,19:00:14,67,0,0
2016-02-03,19:20:13,67,0,0
2016-02-03,19:30:13,68,0,0
2016-02-03,19:40:14,61,0,0
2016-02-03,19:50:15,59,0,0
2016-02-03,20:00:17,53,0,0
2016-02-03,20:20:13,60,0,0
2016-02-03,20:30:14,64,0,0
2016-02-03,20:40:15,59,0,0
2016-02-03,20:50:16,67,0,0
2016-02-03,21:00:16,58,0,0
2016-02-03,21:20:12,67,0,0
2016-02-03,21:30:12,56,0,0
2016-02-03,21:40:13,47,0,0
2016-02-03,21:50:14,60,0,0
2016-02-03,22:00:15,48,0,0
2016-02-03,22:20:12,58,0,0
2016-02-03,22:30:13,52,0,0
2016-02-03,22:40:14,48,0,0
2016-02-03,22:50:17,51,0,0
2016-02-03,23:00:17,51,0,0
2016-02-03,23:20:12,57,0,0
2016-02-03,23:30:16,64,0,0
2016-02-03,23:40:16,62,0,0
2016-02-03,23:50:17,67,0,0
2016-02-16,00:00:15,43,0,0
2016-02-16,00:20:12,48,0,0
2016-02-16,00:30:13,48,0,0
2016-02-16,00:40:13,60,0,0
2016-02-16,00:50:14,42,0,0
2016-02-16,01:00:15,72,0,0
2016-02-16,01:20:12,60,0,0
2016-02-16,01:30:13,61,0,0
2016-02-16,01:40:13,58,0,0
2016-02-16,01:50:14,53,0,0
2016-02-16,02:00:14,60,0,0
2016-02-16,02:20:12,57,0,0
2016-02-16,02:30:13,70,0,0
2016-02-16,02:40:14,61,0,0
2016-02-16,02:50:14,49,0,0
2016-02-16,03:00:15,53,0,0
2016-02-16,03:20:12,57,0,0
2016-02-16,03:30:12,44,0,0
2016-02-16,03:40:13,53,0,0
2016-02-16,03:50:14,51,0,0
2016-02-16,04:00:14,46,0,0
2016-02-16,04:20:12,53,0,0
2016-02-16,04:30:13,43,0,0
2016-02-16,04:40:13,56,0,0
2016-02-16,04:50:14,54,0,0
2016-02-16,05:00:14,60,0,0
2016-02-16,05:20:12,65,0,0
2016-02-16,05:30:12,67,0,0
2016-02-16,05:40:13,63,0,0
2016-02-16,05:50:14,65,0,0
2016-02-16,06:00:14,58,0,0
2016-02-16,06:20:12,57,0,0
2016-02-16,06:30:13,67,0,0
2016-02-16,06:40:13,56,0,0
2016-02-16,06:50:14,55,0,0
2016-02-16,07:00:15,64,0,0
2016-02-16,07:20:13,63,0,0
2016-02-16,07:30:13,51,0,0
2016-02-16,07:40:14,44,0,0
2016-02-16,07:50:15,46,0,0
2016-02-16,08:00:15,47,0,0
2016-02-16,08:20:12,30,0,0
2016-02-16,08:30:12,25,0,0
2016-02-16,08:40:13,18,0,0
2016-02-16,08:50:13,11,0,0
2016-02-16,09:00:14,6,0,0
2016-02-16,13:20:12,0,0,0
2016-02-16,13:30:12,0,0,0
2016-02-16,13:40:13,0,0,0
2016-02-16,13:50:13,2,0,0
2016-02-16,14:00:14,4,0,0
2016-02-16,14:20:15,15,0,0
2016-02-16,14:30:16,17,0,0
2016-02-16,14:40:16,19,0,0
2016-02-16,14:50:17,19,0,0
2016-02-16,15:00:17,25,0,0
2016-02-16,15:20:14,35,0,0
2016-02-16,15:30:15,32,0,0
2016-02-16,15:40:16,30,0,0
2016-02-16,15:50:16,33,0,0
2016-02-16,16:00:17,37,0,0
2016-02-16,16:20:13,31,0,0
2016-02-16,16:30:14,31,0,0
2016-02-16,16:40:15,34,0,0
2016-02-16,16:50:15,41,0,0
2016-02-16,17:00:16,48,0,0
2016-02-16,17:20:13,45,0,0
2016-02-16,17:30:13,30,0,0
2016-02-16,17:40:14,41,0,0
2016-02-16,17:50:15,38,0,0
2016-02-16,18:00:15,38,0,0
2016-02-16,18:20:14,50,0,0
2016-02-16,18:30:14,39,0,0
2016-02-16,18:40:15,39,0,0
2016-02-16,18:50:15,44,0,0
2016-02-16,19:00:16,36,0,0
2016-02-16,19:20:14,43,0,0
2016-02-16,19:30:15,55,0,0
2016-02-16,19:40:15,51,0,0
2016-02-16,19:50:16,46,0,0
2016-02-16,20:00:16,50,0,0
2016-02-16,20:20:13,40,0,0
2016-02-16,20:30:14,50,0,0
2016-02-16,20:40:14,48,0,0
2016-02-16,20:50:15,45,0,0
2016-02-16,21:00:15,50,0,0
2016-02-16,21:20:13,42,0,0
2016-02-16,21:30:13,42,0,0
2016-02-16,21:40:14,37,0,0
2016-02-16,21:50:14,39,0,0
2016-02-16,22:00:15,33,0,0
2016-02-16,22:20:13,41,0,0
2016-02-16,22:30:14,48,0,0
2016-02-16,22:40:14,48,0,0
2016-02-16,22:50:15,48,0,0
2016-02-16,23:00:16,42,0,0
2016-02-16,23:20:13,39,0,0
2016-02-16,23:30:13,53,0,0
2016-02-16,23:40:14,50,0,0
2016-02-16,23:50:14,69,0,0
2016-02-26,00:00:17,52,0,0
2016-02-26,00:20:14,55,0,0
2016-02-26,00:30:14,54,0,0
2016-02-26,00:40:15,59,0,0
2016-02-26,00:50:15,59,0,0
2016-02-26,01:00:17,60,0,0
2016-02-26,01:20:12,67,0,0
2016-02-26,01:30:13,74,0,0
2016-02-26,01:40:14,67,0,0
2016-02-26,01:50:15,63,0,0
2016-02-26,02:00:15,58,0,0
2016-02-26,02:20:13,54,0,0
2016-02-26,02:30:13,63,0,0
2016-02-26,02:40:14,59,0,0
2016-02-26,02:50:14,64,0,0
2016-02-26,03:00:14,65,0,0
2016-02-26,03:20:13,58,0,0
2016-02-26,03:30:13,68,0,0
2016-02-26,03:40:14,61,0,0
2016-02-26,03:50:15,76,0,0
2016-02-26,04:00:16,56,0,0
2016-02-26,04:20:13,56,0,0
2016-02-26,04:30:14,57,0,0
2016-02-26,04:40:16,59,0,0
2016-02-26,04:50:17,57,0,0
2016-02-26,05:00:18,68,0,0
2016-02-26,05:20:14,74,0,0
2016-02-26,05:30:15,63,0,0
2016-02-26,05:40:20,62,0,0
2016-02-26,05:50:21,53,0,0
2016-02-26,06:00:22,60,0,0
2016-02-26,06:20:12,65,0,0
2016-02-26,06:30:13,66,0,0
2016-02-26,06:40:13,60,0,0
2016-02-26,06:50:14,68,0,0
2016-02-26,07:00:15,59,0,0
2016-02-26,07:20:13,56,0,0
2016-02-26,07:30:14,59,0,0
2016-02-26,07:40:14,62,0,0
2016-02-26,07:50:15,50,0,0
2016-02-26,08:00:16,48,0,0
2016-02-26,08:20:13,47,0,0
2016-02-26,08:30:14,50,0,0
2016-02-26,08:40:14,28,0,0
2016-02-26,08:50:15,15,0,0
2016-02-26,09:00:16,17,0,0
2016-02-26,13:20:13,0,0,0
2016-02-26,13:30:13,0,0,0
2016-02-26,13:40:13,1,0,0
2016-02-26,13:50:14,1,0,0
2016-02-26,14:00:14,10,0,0
2016-02-26,14:20:13,7,0,0
2016-02-26,14:30:14,13,0,0
2016-02-26,14:40:14,18,0,0
2016-02-26,14:50:15,20,0,0
2016-02-26,15:00:15,24,0,0
2016-02-26,15:20:15,30,0,0
2016-02-26,15:30:15,27,0,0
2016-02-26,15:40:16,37,0,0
2016-02-26,15:50:16,35,0,0
2016-02-26,16:00:17,43,0,0
2016-02-26,16:20:12,40,0,0
2016-02-26,16:30:13,33,0,0
2016-02-26,16:40:13,27,0,0
2016-02-26,16:50:14,29,0,0
2016-02-26,17:00:15,37,0,0
2016-02-26,17:20:14,34,0,0
2016-02-26,17:30:15,36,0,0
2016-02-26,17:40:15,37,0,0
2016-02-26,17:50:16,43,0,0
2016-02-26,18:00:16,49,0,0
2016-02-26,18:20:14,38,0,0
2016-02-26,18:30:15,36,0,0
2016-02-26,18:40:15,42,0,0
2016-02-26,18:50:16,45,0,0
2016-02-26,19:00:17,43,0,0
2016-02-26,19:20:13,49,0,0
2016-02-26,19:30:14,49,0,0
2016-02-26,19:40:14,41,0,0
2016-02-26,19:50:15,48,0,0
2016-02-26,20:00:15,51,0,0
2016-02-26,20:20:13,38,0,0
2016-02-26,20:30:13,51,0,0
2016-02-26,20:40:14,48,0,0
2016-02-26,20:50:14,56,0,0
2016-02-26,21:00:15,39,0,0
2016-02-26,21:20:14,52,0,0
2016-02-26,21:30:14,47,0,0
2016-02-26,21:40:15,50,0,0
2016-02-26,21:50:16,46,0,0
2016-02-26,22:00:16,37,0,0
2016-02-26,22:20:12,56,0,0
2016-02-26,22:30:13,61,0,0
2016-02-26,22:40:14,62,0,0
2016-02-26,22:50:14,54,0,0
2016-02-26,23:00:15,54,0,0
2016-02-26,23:20:13,55,0,0
2016-02-26,23:30:14,71,0,0
2016-02-26,23:40:15,75,0,0
2016-02-26,23:50:16,76,0,0
2016-02-09,00:00:16,45,0,0
2016-02-09,00:20:16,49,0,0
2016-02-09,00:30:18,82,0,0
2016-02-09,00:40:19,75,0,0
2016-02-09,00:50:19,76,0,0
2016-02-09,01:00:20,83,0,0
2016-02-09,01:20:12,85,0,0
2016-02-09,01:30:13,80,0,0
2016-02-09,01:40:13,63,0,0
2016-02-09,01:50:14,66,0,0
2016-02-09,02:00:14,62,0,0
2016-02-09,02:20:11,86,0,0
2016-02-09,02:30:12,72,0,0
2016-02-09,02:40:12,63,0,0
2016-02-09,02:50:13,84,0,0
2016-02-09,03:00:13,77,0,0
2016-02-09,03:20:12,75,0,0
2016-02-09,03:30:13,66,0,0
2016-02-09,03:40:13,73,0,0
2016-02-09,03:50:13,74,0,0
2016-02-09,04:00:14,67,0,0
2016-02-09,04:20:12,66,0,0
2016-02-09,04:30:12,55,0,0
2016-02-09,04:40:13,82,0,0
2016-02-09,04:50:13,74,0,0
2016-02-09,05:00:14,68,0,0
2016-02-09,05:20:11,63,0,0
2016-02-09,05:30:12,65,0,0
2016-02-09,05:40:12,64,0,0
2016-02-09,05:50:13,73,0,0
2016-02-09,06:00:14,68,0,0
2016-02-09,06:20:12,75,0,0
2016-02-09,06:30:12,67,0,0
2016-02-09,06:40:13,56,0,0
2016-02-09,06:50:13,58,0,0
2016-02-09,07:00:14,56,0,0
2016-02-09,07:20:12,56,0,0
2016-02-09,07:30:13,60,0,0
2016-02-09,07:40:13,55,0,0
2016-02-09,07:50:14,39,0,0
2016-02-09,08:00:15,53,0,0
2016-02-09,08:20:12,30,0,0
2016-02-09,08:30:13,36,0,0
2016-02-09,08:40:13,27,0,0
2016-02-09,08:50:14,20,0,0
2016-02-09,09:00:14,12,0,0
2016-02-09,13:20:13,0,0,0
2016-02-09,13:30:13,0,0,0
2016-02-09,13:40:14,0,0,0
2016-02-09,13:50:14,0,0,0
2016-02-09,14:00:15,4,0,0
2016-02-09,14:20:15,11,0,0
2016-02-09,14:30:15,18,0,0
2016-02-09,14:40:16,20,0,0
2016-02-09,14:50:16,23,0,0
2016-02-09,15:00:17,23,0,0
2016-02-09,15:20:13,25,0,0
2016-02-09,15:30:14,18,0,0
2016-02-09,15:40:14,32,0,0
2016-02-09,15:50:15,35,0,0
2016-02-09,16:00:16,37,0,0
2016-02-09,16:20:14,36,0,0
2016-02-09,16:30:15,49,0,0
2016-02-09,16:40:15,54,0,0
2016-02-09,16:50:16,49,0,0
2016-02-09,17:00:16,48,0,0
2016-02-09,17:20:17,57,0,0
2016-02-09,17:30:18,52,0,0
2016-02-09,17:40:19,45,0,0
2016-02-09,17:50:20,52,0,0
2016-02-09,18:00:20,47,0,0
2016-02-09,18:20:16,58,0,0
2016-02-09,18:30:17,48,0,0
2016-02-09,18:40:18,49,0,0
2016-02-09,18:50:18,48,0,0
2016-02-09,19:00:19,52,0,0
2016-02-09,19:20:13,62,0,0
2016-02-09,19:30:14,66,0,0
2016-02-09,19:40:15,55,0,0
2016-02-09,19:50:15,50,0,0
2016-02-09,20:00:17,50,0,0
2016-02-09,20:20:13,49,0,0
2016-02-09,20:30:13,46,0,0
2016-02-09,20:40:15,52,0,0
2016-02-09,20:50:15,57,0,0
2016-02-09,21:00:16,45,0,0
2016-02-09,21:20:12,47,0,0
2016-02-09,21:30:13,53,0,0
2016-02-09,21:40:13,40,0,0
2016-02-09,21:50:14,44,0,0
2016-02-09,22:00:15,37,0,0
2016-02-09,22:20:14,41,0,0
2016-02-09,22:30:15,42,0,0
2016-02-09,22:40:15,48,0,0
2016-02-09,22:50:16,49,0,0
2016-02-09,23:00:16,52,0,0
2016-02-09,23:20:13,48,0,0
2016-02-09,23:30:13,45,0,0
2016-02-09,23:40:14,41,0,0
2016-02-09,23:50:14,49,0,0
2016-03-25,00:00:15,32,0,0
2016-03-25,00:20:13,39,0,0
2016-03-25,00:30:14,41,0,0
2016-03-25,00:40:14,38,0,0
2016-03-25,00:50:15,34,0,0
2016-03-25,01:00:16,39,0,0
2016-03-25,01:20:14,46,0,0
2016-03-25,01:30:14,31,0,0
2016-03-25,01:40:15,39,0,0
2016-03-25,01:50:16,29,0,0
2016-03-25,02:00:16,39,0,0
2016-03-25,02:20:13,20,0,0
2016-03-25,02:30:13,27,0,0
2016-03-25,02:40:14,27,0,0
2016-03-25,02:50:14,30,0,0
2016-03-25,03:00:15,28,0,0
2016-03-25,03:20:12,20,0,0
2016-03-25,03:30:12,24,0,0
2016-03-25,03:40:13,26,0,0
2016-03-25,03:50:14,27,0,0
2016-03-25,04:00:15,21,0,0
2016-03-25,04:20:13,20,0,0
2016-03-25,04:30:14,27,0,0
2016-03-25,04:40:15,32,0,0
2016-03-25,04:50:16,26,0,0
2016-03-25,05:00:16,27,0,0
2016-03-25,05:20:13,29,0,0
2016-03-25,05:30:14,30,0,0
2016-03-25,05:40:14,21,0,0
2016-03-25,05:50:15,22,0,0
2016-03-25,06:00:15,24,0,0
2016-03-25,06:20:14,2,0,0
2016-03-25,06:30:14,0,0,0
2016-03-25,06:40:15,0,0,0
2016-03-25,06:50:15,0,0,0
2016-03-25,07:00:15,0,0,0
2016-03-25,07:20:13,0,0,0
2016-03-25,07:30:13,1,0,0
2016-03-25,07:40:14,0,0,0
2016-03-25,07:50:14,0,0,0
2016-03-25,08:00:15,0,0,0
2016-03-25,12:20:13,0,0,0
2016-03-25,12:30:14,1,0,0
2016-03-25,12:40:14,0,0,0
2016-03-25,12:50:15,0,0,0
2016-03-25,13:00:15,2,0,0
2016-03-25,13:20:13,4,0,0
2016-03-25,13:30:13,6,0,0
2016-03-25,13:40:14,7,0,0
2016-03-25,13:50:14,5,0,0
2016-03-25,14:00:15,6,0,0
2016-03-25,14:20:12,7,0,0
2016-03-25,14:30:13,7,0,0
2016-03-25,14:40:13,8,0,0
2016-03-25,14:50:14,9,0,0
2016-03-25,15:00:14,9,0,0
2016-03-25,15:20:16,17,0,0
2016-03-25,15:30:17,12,0,0
2016-03-25,15:40:17,17,0,0
2016-03-25,15:50:18,20,0,0
2016-03-25,16:00:19,16,0,0
2016-03-25,16:20:12,11,0,0
2016-03-25,16:30:13,22,0,0
2016-03-25,16:40:13,20,0,0
2016-03-25,16:50:14,24,0,0
2016-03-25,17:00:14,27,0,0
2016-03-25,17:20:15,17,0,0
2016-03-25,17:30:16,12,0,0
2016-03-25,17:40:16,16,0,0
2016-03-25,17:50:17,8,0,0
2016-03-25,18:00:17,18,0,0
2016-03-25,18:20:13,17,0,0
2016-03-25,18:30:14,11,0,0
2016-03-25,18:40:15,20,0,0
2016-03-25,18:50:15,19,0,0
2016-03-25,19:00:16,25,0,0
2016-03-25,19:20:14,25,0,0
2016-03-25,19:30:14,21,0,0
2016-03-25,19:40:15,20,0,0
2016-03-25,19:50:15,20,0,0
2016-03-25,20:00:16,22,0,0
2016-03-25,20:20:14,27,0,0
2016-03-25,20:30:15,23,0,0
2016-03-25,20:40:15,17,0,0
2016-03-25,20:50:16,12,0,0
2016-03-25,21:00:16,15,0,0
2016-03-25,21:20:13,18,0,0
2016-03-25,21:30:13,16,0,0
2016-03-25,21:40:13,17,0,0
2016-03-25,21:50:14,17,0,0
2016-03-25,22:00:14,12,0,0
2016-03-25,22:20:15,13,0,0
2016-03-25,22:30:15,13,0,0
2016-03-25,22:40:16,16,0,0
2016-03-25,22:50:16,23,0,0
2016-03-25,23:00:17,17,0,0
2016-03-25,23:20:13,17,0,0
2016-03-25,23:30:14,19,0,0
2016-03-25,23:40:14,14,0,0
2016-03-25,23:50:15,21,0,0
2016-02-11,00:00:18,66,0,0
2016-02-11,00:20:12,57,0,0
2016-02-11,00:30:18,69,0,0
2016-02-11,00:40:19,65,0,0
2016-02-11,00:50:20,65,0,0
2016-02-11,01:00:21,54,0,0
2016-02-11,01:20:12,64,0,0
2016-02-11,01:30:13,59,0,0
2016-02-11,01:40:16,62,0,0
2016-02-11,01:50:17,55,0,0
2016-02-11,02:00:20,66,0,0
2016-02-11,02:20:17,60,0,0
2016-02-11,02:30:18,71,0,0
2016-02-11,02:40:19,73,0,0
2016-02-11,02:50:20,68,0,0
2016-02-11,03:00:20,59,0,0
2016-02-11,03:20:15,71,0,0
2016-02-11,03:30:16,67,0,0
2016-02-11,03:40:17,68,0,0
2016-02-11,03:50:17,61,0,0
2016-02-11,04:00:19,69,0,0
2016-02-11,04:20:16,68,0,0
2016-02-11,04:30:18,64,0,0
2016-02-11,04:40:18,76,0,0
2016-02-11,04:50:19,79,0,0
2016-02-11,05:00:20,72,0,0
2016-02-11,05:20:43,58,0,0
2016-02-11,05:30:44,81,0,0
2016-02-11,05:40:45,77,0,0
2016-02-11,05:50:45,80,0,0
2016-02-11,06:00:46,73,0,0
2016-02-11,06:20:29,75,0,0
2016-02-11,06:30:30,73,0,0
2016-02-11,06:40:31,53,0,0
2016-02-11,06:50:32,55,0,0
2016-02-11,07:00:33,57,0,0
2016-02-11,07:20:12,57,0,0
2016-02-11,07:30:13,55,0,0
2016-02-11,07:40:13,47,0,0
2016-02-11,07:50:14,42,0,0
2016-02-11,08:00:16,48,0,0
2016-02-11,08:20:12,27,0,0
2016-02-11,08:30:12,34,0,0
2016-02-11,08:40:13,35,0,0
2016-02-11,08:50:13,22,0,0
2016-02-11,09:00:14,21,0,0
2016-02-11,13:20:13,0,0,0
2016-02-11,13:30:13,0,0,0
2016-02-11,13:40:14,0,0,0
2016-02-11,13:50:15,4,0,0
2016-02-11,14:00:16,3,0,0
2016-02-11,14:20:13,10,0,0
2016-02-11,14:30:14,13,0,0
2016-02-11,14:40:14,23,0,0
2016-02-11,14:50:15,13,0,0
2016-02-11,15:00:15,20,0,0
2016-02-11,15:20:14,34,0,0
2016-02-11,15:30:14,18,0,0
2016-02-11,15:40:16,37,0,0
2016-02-11,15:50:36,44,0,0
2016-02-11,16:00:37,45,0,0
2016-02-11,16:20:13,51,0,0
2016-02-11,16:30:14,43,0,0
2016-02-11,16:40:15,40,0,0
2016-02-11,16:50:16,39,0,0
2016-02-11,17:00:16,43,0,0
2016-02-11,17:20:13,40,0,0
2016-02-11,17:30:14,44,0,0
2016-02-11,17:40:15,39,0,0
2016-02-11,17:50:16,36,0,0
2016-02-11,18:00:17,33,0,0
2016-02-11,18:20:14,41,0,0
2016-02-11,18:30:15,47,0,0
2016-02-11,18:40:16,41,0,0
2016-02-11,18:50:17,41,0,0
2016-02-11,19:00:18,49,0,0
2016-02-11,19:20:14,63,0,0
2016-02-11,19:30:15,39,0,0
2016-02-11,19:40:16,44,0,0
2016-02-11,19:50:17,52,0,0
2016-02-11,20:00:18,50,0,0
2016-02-11,20:20:14,53,0,0
2016-02-11,20:30:14,47,0,0
2016-02-11,20:40:17,53,0,0
2016-02-11,20:50:18,47,0,0
2016-02-11,21:00:18,43,0,0
2016-02-11,21:20:14,48,0,0
2016-02-11,21:30:14,34,0,0
2016-02-11,21:40:15,39,0,0
2016-02-11,21:50:16,31,0,0
2016-02-11,22:00:16,32,0,0
2016-02-11,22:20:13,35,0,0
2016-02-11,22:30:14,33,0,0
2016-02-11,22:40:14,32,0,0
2016-02-11,22:50:15,38,0,0
2016-02-11,23:00:16,40,0,0
2016-02-11,23:20:13,40,0,0
2016-02-11,23:30:14,40,0,0
2016-02-11,23:40:15,46,0,0
2016-02-11,23:50:16,50,0,0
2016-02-12,00:00:17,58,0,0
2016-02-12,00:20:14,58,0,0
2016-02-12,00:30:16,53,0,0
2016-02-12,00:40:17,56,0,0
2016-02-12,00:50:19,61,0,0
2016-02-12,01:00:21,50,0,0
2016-02-12,01:20:13,55,0,0
2016-02-12,01:30:14,76,0,0
2016-02-12,01:40:15,64,0,0
2016-02-12,01:50:16,55,0,0
2016-02-12,02:00:17,53,0,0
2016-02-12,02:20:13,64,0,0
2016-02-12,02:30:14,55,0,0
2016-02-12,02:40:15,67,0,0
2016-02-12,02:50:16,68,0,0
2016-02-12,03:00:17,66,0,0
2016-02-12,03:20:11,56,0,0
2016-02-12,03:30:12,56,0,0
2016-02-12,03:40:13,57,0,0
2016-02-12,03:50:13,70,0,0
2016-02-12,04:00:14,55,0,0
2016-02-12,04:20:12,60,0,0
2016-02-12,04:30:13,45,0,0
2016-02-12,04:40:13,42,0,0
2016-02-12,04:50:15,53,0,0
2016-02-12,05:00:16,44,0,0
2016-02-12,05:20:12,56,0,0
2016-02-12,05:30:12,52,0,0
2016-02-12,05:40:13,48,0,0
2016-02-12,05:50:14,51,0,0
2016-02-12,06:00:15,66,0,0
2016-02-12,06:20:12,50,0,0
2016-02-12,06:30:13,53,0,0
2016-02-12,06:40:14,47,0,0
2016-02-12,06:50:14,55,0,0
2016-02-12,07:00:15,61,0,0
2016-02-12,07:20:13,52,0,0
2016-02-12,07:30:13,51,0,0
2016-02-12,07:40:13,48,0,0
2016-02-12,07:50:14,56,0,0
2016-02-12,08:00:14,49,0,0
2016-02-12,08:20:12,33,0,0
2016-02-12,08:30:13,34,0,0
2016-02-12,08:40:13,37,0,0
2016-02-12,08:50:14,25,0,0
2016-02-12,09:00:14,18,0,0
2016-02-12,13:20:12,2,0,0
2016-02-12,13:30:13,2,0,0
2016-02-12,13:40:13,1,0,0
2016-02-12,13:50:14,2,0,0
2016-02-12,14:00:15,3,0,0
2016-02-12,14:20:13,9,0,0
2016-02-12,14:30:14,18,0,0
2016-02-12,14:40:14,10,0,0
2016-02-12,14:50:15,24,0,0
2016-02-12,15:00:15,26,0,0
2016-02-12,15:20:14,30,0,0
2016-02-12,15:30:14,24,0,0
2016-02-12,15:40:15,26,0,0
2016-02-12,15:50:16,28,0,0
2016-02-12,16:00:20,35,0,0
2016-02-12,16:20:13,35,0,0
2016-02-12,16:30:14,26,0,0
2016-02-12,16:40:14,31,0,0
2016-02-12,16:50:15,29,0,0
2016-02-12,17:00:15,38,0,0
2016-02-12,17:20:13,42,0,0
2016-02-12,17:30:13,40,0,0
2016-02-12,17:40:14,38,0,0
2016-02-12,17:50:14,42,0,0
2016-02-12,18:00:15,36,0,0
2016-02-12,18:20:12,56,0,0
2016-02-12,18:30:13,48,0,0
2016-02-12,18:40:14,61,0,0
2016-02-12,18:50:14,36,0,0
2016-02-12,19:00:14,50,0,0
2016-02-12,19:20:13,61,0,0
2016-02-12,19:30:14,65,0,0
2016-02-12,19:40:15,47,0,0
2016-02-12,19:50:15,59,0,0
2016-02-12,20:00:17,61,0,0
2016-02-12,20:20:13,49,0,0
2016-02-12,20:30:13,56,0,0
2016-02-12,20:40:14,47,0,0
2016-02-12,20:50:14,40,0,0
2016-02-12,21:00:15,45,0,0
2016-02-12,21:20:12,38,0,0
2016-02-12,21:30:13,42,0,0
2016-02-12,21:40:14,50,0,0
2016-02-12,21:50:14,47,0,0
2016-02-12,22:00:15,44,0,0
2016-02-12,22:20:12,40,0,0
2016-02-12,22:30:13,34,0,0
2016-02-12,22:40:13,41,0,0
2016-02-12,22:50:14,46,0,0
2016-02-12,23:00:14,47,0,0
2016-02-12,23:20:14,59,0,0
2016-02-12,23:30:14,59,0,0
2016-02-12,23:40:15,67,0,0
2016-02-12,23:50:15,72,0,0
2016-02-23,00:00:17,57,0,0
2016-02-23,00:20:13,77,0,0
2016-02-23,00:30:14,75,0,0
2016-02-23,00:40:15,93,0,0
2016-02-23,00:50:15,79,0,0
2016-02-23,01:00:16,71,0,0
2016-02-23,01:20:12,77,0,0
2016-02-23,01:30:13,87,0,0
2016-02-23,01:40:13,63,0,0
2016-02-23,01:50:15,75,0,0
2016-02-23,02:00:15,93,0,0
2016-02-23,02:20:15,78,0,0
2016-02-23,02:30:16,92,0,0
2016-02-23,02:40:16,76,0,0
2016-02-23,02:50:17,83,0,0
2016-02-23,03:00:18,87,0,0
2016-02-23,03:20:13,77,0,0
2016-02-23,03:30:13,85,0,0
2016-02-23,03:40:14,66,0,0
2016-02-23,03:50:15,60,0,0
2016-02-23,04:00:16,71,0,0
2016-02-23,04:20:12,62,0,0
2016-02-23,04:30:12,73,0,0
2016-02-23,04:40:13,70,0,0
2016-02-23,04:50:13,77,0,0
2016-02-23,05:00:14,88,0,0
2016-02-23,05:20:14,77,0,0
2016-02-23,05:30:15,71,0,0
2016-02-23,05:40:15,75,0,0
2016-02-23,05:50:16,59,0,0
2016-02-23,06:00:16,75,0,0
2016-02-23,06:20:13,83,0,0
2016-02-23,06:30:13,86,0,0
2016-02-23,06:40:14,85,0,0
2016-02-23,06:50:14,91,0,0
2016-02-23,07:00:16,78,0,0
2016-02-23,07:20:13,80,0,0
2016-02-23,07:30:13,68,0,0
2016-02-23,07:40:14,59,0,0
2016-02-23,07:50:15,59,0,0
2016-02-23,08:00:16,55,0,0
2016-02-23,08:20:12,45,0,0
2016-02-23,08:30:12,42,0,0
2016-02-23,08:40:13,23,0,0
2016-02-23,08:50:13,18,0,0
2016-02-23,09:00:14,18,0,0
2016-02-23,13:20:14,1,0,0
2016-02-23,13:30:14,1,0,0
2016-02-23,13:40:15,1,0,0
2016-02-23,13:50:15,1,0,0
2016-02-23,14:00:16,4,0,0
2016-02-23,14:20:14,14,0,0
2016-02-23,14:30:15,17,0,0
2016-02-23,14:40:15,16,0,0
2016-02-23,14:50:16,25,0,0
2016-02-23,15:00:16,30,0,0
2016-02-23,15:20:15,28,0,0
2016-02-23,15:30:15,26,0,0
2016-02-23,15:40:16,26,0,0
2016-02-23,15:50:16,34,0,0
2016-02-23,16:00:17,34,0,0
2016-02-23,16:20:12,51,0,0
2016-02-23,16:30:12,34,0,0
2016-02-23,16:40:13,31,0,0
2016-02-23,16:50:14,46,0,0
2016-02-23,17:00:15,50,0,0
2016-02-23,17:20:12,38,0,0
2016-02-23,17:30:13,32,0,0
2016-02-23,17:40:14,37,0,0
2016-02-23,17:50:14,43,0,0
2016-02-23,18:00:15,50,0,0
2016-02-23,18:20:13,61,0,0
2016-02-23,18:30:13,40,0,0
2016-02-23,18:40:14,37,0,0
2016-02-23,18:50:14,43,0,0
2016-02-23,19:00:17,49,0,0
2016-02-23,19:20:17,55,0,0
2016-02-23,19:30:18,45,0,0
2016-02-23,19:40:18,44,0,0
2016-02-23,19:50:19,49,0,0
2016-02-23,20:00:19,53,0,0
2016-02-23,20:20:13,57,0,0
2016-02-23,20:30:14,39,0,0
2016-02-23,20:40:14,42,0,0
2016-02-23,20:50:15,45,0,0
2016-02-23,21:00:15,52,0,0
2016-02-23,21:20:13,52,0,0
2016-02-23,21:30:14,39,0,0
2016-02-23,21:40:15,43,0,0
2016-02-23,21:50:15,38,0,0
2016-02-23,22:00:16,45,0,0
2016-02-23,22:20:14,44,0,0
2016-02-23,22:30:41,33,0,0
2016-02-23,22:41:41,0,0,0
2016-02-23,22:51:42,0,0,0
2016-02-23,23:02:41,0,0,0
2016-02-23,23:20:41,0,0,0
2016-02-23,23:30:41,0,0,0
2016-02-23,23:41:41,0,0,0
2016-02-23,23:51:41,0,0,0
